h_61,0
h_45,8
h_77,0
h_242,0
h_84,0
h_249,6
h_331,0
h_28,0
h_309,0
h_333,0
h_312,0
h_72,0
h_295,6
h_56,8
h_294,8
h_357,0
h_319,0
h_292,6
h_71,0
h_355,6
h_300,8
h_235,0
h_307,0
h_41,0
h_96,0
h_258,8
h_83,0
h_328,0
h_239,0
h_318,0
h_49,0
h_345,0
h_286,6
h_50,6
h_245,0
h_306,0
h_299,0
h_315,0
h_350,0
h_59,0
h_266,6
h_257,8
h_234,7
h_356,0
h_87,0
h_326,8
h_353,0
h_285,7
h_261,6
h_94,0
h_238,6
h_29,0
h_60,0
h_313,0
h_348,6
h_264,8
h_39,0
h_305,6
h_44,8
h_33,6
h_275,8
h_78,8
h_327,0
h_42,0
h_324,0
h_240,0
h_237,0
h_330,0
h_273,7
h_70,0
h_337,8
h_347,0
h_322,0
h_48,8
h_9,0
h_358,0
h_297,8
h_53,6
h_24,0
h_38,0
h_67,6
h_91,0
h_255,6
h_6,0
h_37,0
h_265,0
h_8,0
h_254,6
h_32,8
h_332,0
h_252,6
h_336,0
h_321,0
h_90,0
h_279,6
h_241,0
h_62,0
h_3,0
h_280,6
h_296,0
h_54,0
h_74,0
h_73,0
h_52,9
h_85,0
h_88,8
h_89,6
h_282,6
h_86,0
h_95,0
h_310,0
h_339,0
h_68,0
h_281,6
h_262,8
h_4,0
h_57,0
h_34,6
h_30,0
h_284,7
h_250,6
h_320,0
h_27,0
h_304,0
h_66,0
h_268,8
h_308,0
h_35,0
h_79,0
h_354,0
h_46,6
h_243,0
h_92,3
h_99,0
h_340,0
h_291,8
h_7,0
h_334,0
h_236,2
h_267,8
h_43,0
h_256,6
h_246,0
h_55,0
h_75,0
h_274,8
h_272,7
h_248,6
h_31,0
h_64,0
h_323,0
h_247,0
h_343,0
h_69,0
h_287,0
h_270,6
h_290,0
h_81,0
h_311,0
h_251,7
h_269,6
h_293,8
h_338,0
h_65,0
h_253,6
h_344,0
h_276,6
h_51,6
h_341,0
h_26,0
h_63,0
h_316,0
h_260,0
h_342,0
h_288,7
h_278,0
h_47,8
h_346,0
h_82,0
h_259,8
h_351,0
h_303,8
h_302,0
h_277,9
h_5,3
h_98,0
h_298,6
h_329,0
h_58,0
h_25,0
h_93,0
h_36,0
h_314,0
h_335,0
h_97,0
h_289,8
h_263,8
h_40,0
h_352,0
h_317,0
h_283,8
h_80,0
h_349,0
h_76,9
h_271,6
h_325,0
h_301,0
h_244,7
qh_262,3
qh_43,1
qh_251,1
qh_318,0
qh_36,3
qh_82,3
qh_263,1
qh_68,3
qh_80,3
qh_294,3
qh_257,3
qh_314,9
qh_240,3
qh_292,3
qh_8,1
qh_261,1
qh_4,3
qh_309,7
qh_62,3
qh_85,3
qh_54,3
qh_295,1
qh_81,1
qh_305,7
qh_260,3
qh_290,1
qh_303,7
qh_265,3
qh_64,1
qh_258,3
qh_300,3
qh_317,4
qh_46,3
qh_88,3
qh_5,3
qh_266,1
qh_39,3
qh_296,3
qh_276,3
qh_273,1
qh_78,1
qh_269,3
qh_254,1
qh_67,3
qh_253,3
qh_47,1
qh_52,3
qh_61,4
qh_236,0
qh_95,1
qh_49,3
qh_28,3
qh_316,7
qh_270,3
qh_302,0
qh_283,3
qh_79,4
qh_310,0
qh_255,3
qh_99,3
qh_244,0
qh_301,2
qh_308,0
qh_315,8
qh_284,3
qh_3,3
qh_27,3
qh_278,3
qh_241,3
qh_321,7
qh_33,3
qh_86,3
qh_234,3
qh_89,2
qh_96,3
qh_32,3
qh_87,3
qh_41,3
qh_31,3
qh_34,3
qh_312,7
qh_256,3
qh_287,1
qh_238,3
qh_65,4
qh_268,3
qh_56,4
qh_58,3
qh_288,1
qh_242,1
qh_93,3
qh_282,3
qh_7,3
qh_45,3
qh_298,1
qh_259,3
qh_53,3
qh_84,3
qh_279,3
qh_25,4
qh_73,3
qh_72,3
qh_29,1
qh_252,1
qh_267,3
qh_285,1
qh_313,7
qh_77,3
qh_98,3
qh_92,3
qh_44,3
qh_304,1
qh_245,3
qh_42,3
qh_71,3
qh_55,3
qh_75,3
qh_74,3
qh_83,3
qh_24,3
qh_293,1
qh_239,3
qh_275,1
qh_59,3
qh_320,8
qh_306,7
qh_97,3
qh_264,3
qh_307,4
qh_94,3
qh_248,0
qh_48,1
qh_289,1
qh_291,3
qh_26,4
qh_249,7
qh_237,3
qh_30,1
qh_311,1
qh_243,3
qh_37,3
qh_281,1
qh_66,2
qh_280,3
qh_250,1
qh_91,3
qh_247,3
qh_246,3
qh_60,1
qh_63,8
qh_235,3
qh_277,1
qh_70,4
qh_286,3
qh_90,3
qh_6,1
qh_69,3
qh_319,7
qh_274,3
qh_51,4
qh_272,3
qh_76,3
qh_50,3
qh_297,3
qh_35,4
qh_9,3
qh_38,7
qh_40,3
qh_271,3
qh_299,3
qh_57,3
zy_32,9
zy_53,1
zy_46,8
zy_41,9
zy_64,3
zy_50,9
zy_99,3
zy_55,3
zy_40,9
zy_80,3
zy_58,3
zy_68,3
zy_78,3
zy_79,3
zy_242,8
zy_4,6
zy_75,3
zy_91,3
zy_57,3
zy_30,6
zy_90,3
zy_77,3
zy_93,1
zy_82,3
zy_6,9
zy_60,3
zy_97,3
zy_48,6
zy_34,6
zy_63,3
zy_47,9
zy_67,3
zy_244,8
zy_240,2
zy_5,9
zy_86,3
zy_24,9
zy_31,9
zy_45,9
zy_70,3
zy_96,3
zy_56,1
zy_247,8
zy_39,6
zy_7,6
zy_235,8
zy_29,9
zy_62,1
zy_88,3
zy_237,8
zy_28,6
zy_74,3
zy_65,3
zy_243,8
zy_43,9
zy_36,8
zy_239,8
zy_236,8
zy_26,9
zy_73,1
zy_234,0
zy_66,3
zy_35,9
zy_85,3
zy_61,3
zy_245,8
zy_52,1
zy_248,8
zy_83,3
zy_27,9
zy_98,3
zy_246,6
zy_38,9
zy_81,3
zy_84,3
zy_249,8
zy_69,3
zy_49,7
zy_241,8
zy_87,3
zy_37,8
zy_76,3
zy_54,3
zy_44,6
zy_250,8
zy_3,9
zy_71,3
zy_42,9
zy_72,3
zy_8,8
zy_238,8
zy_95,3
zy_33,9
zy_92,3
zy_9,8
zy_94,3
zy_25,9
zy_51,3
zy_59,3
zy_89,3
q_269,6
q_78,1
q_381,8
q_270,2
q_346,2
q_295,6
q_406,8
q_387,8
q_393,8
q_69,2
q_58,5
q_336,2
q_374,8
q_61,2
q_398,2
q_38,2
q_30,1
q_276,6
q_357,2
q_95,7
q_44,2
q_266,2
q_53,3
q_48,2
q_261,6
q_57,2
q_281,2
q_8,3
q_89,2
q_40,2
q_32,3
q_375,6
q_37,2
q_302,6
q_236,1
q_380,6
q_287,8
q_345,8
q_237,2
q_327,4
q_333,4
q_252,6
q_306,2
q_63,8
q_323,2
q_350,2
q_368,8
q_85,0
q_245,2
q_94,0
q_324,9
q_367,8
q_27,8
q_24,1
q_262,6
q_46,2
q_309,2
q_389,2
q_41,2
q_29,2
q_402,8
q_338,2
q_239,2
q_356,6
q_318,2
q_353,2
q_355,2
q_243,3
q_316,2
q_4,2
q_352,2
q_293,6
q_267,6
q_344,5
q_342,5
q_75,8
q_28,2
q_319,2
q_56,2
q_66,2
q_71,7
q_289,8
q_79,0
q_3,8
q_80,2
q_313,4
q_370,8
q_248,3
q_291,8
q_97,2
q_377,8
q_383,8
q_371,8
q_301,8
q_265,2
q_86,2
q_273,4
q_257,3
q_341,4
q_39,2
q_242,3
q_391,8
q_278,4
q_64,8
q_329,2
q_394,8
q_317,2
q_376,8
q_60,2
q_6,8
q_65,8
q_297,8
q_82,8
q_283,2
q_343,4
q_321,4
q_325,2
q_285,6
q_34,2
q_77,3
q_308,2
q_45,1
q_73,2
q_404,2
q_7,8
q_259,6
q_246,2
q_99,0
q_264,8
q_362,8
q_331,2
q_366,8
q_392,8
q_340,2
q_326,4
q_260,6
q_271,2
q_388,8
q_275,8
q_50,1
q_312,2
q_244,2
q_249,3
q_397,8
q_274,6
q_351,2
q_47,0
q_348,2
q_84,2
q_401,2
q_359,2
q_68,0
q_294,8
q_300,2
q_372,8
q_360,2
q_33,0
q_83,2
q_54,3
q_369,8
q_25,7
q_93,8
q_88,6
q_31,2
q_379,8
q_386,6
q_349,3
q_92,2
q_396,8
q_322,2
q_315,3
q_363,9
q_361,6
q_354,4
q_328,9
q_284,6
q_258,8
q_330,2
q_35,2
q_364,6
q_390,8
q_307,2
q_373,2
q_256,2
q_305,4
q_43,0
q_9,5
q_335,2
q_299,2
q_76,2
q_42,3
q_26,7
q_272,6
q_98,2
q_282,6
q_81,2
q_296,2
q_292,6
q_254,1
q_310,4
q_49,2
q_382,8
q_255,2
q_5,2
q_314,2
q_303,9
q_385,8
q_36,2
q_253,3
q_251,3
q_74,2
q_405,8
q_52,3
q_311,2
q_347,2
q_298,6
q_286,6
q_240,3
q_337,2
q_51,3
q_62,2
q_55,2
q_407,6
q_234,3
q_277,2
q_304,2
q_384,8
q_403,8
q_279,2
q_395,2
q_400,2
q_238,1
q_90,0
q_263,8
q_358,2
q_320,9
q_334,6
q_268,2
q_250,2
q_332,2
q_399,8
q_280,6
q_72,8
q_59,2
q_67,2
q_339,2
q_241,2
q_235,2
q_96,2
q_365,8
q_378,8
q_70,7
q_288,6
q_87,2
q_290,8
q_91,2
q_247,2
hq_48,0
hq_283,0
hq_83,0
hq_99,7
hq_241,7
hq_239,0
hq_60,0
hq_77,0
hq_304,1
hq_238,0
hq_291,0
hq_90,0
hq_251,0
hq_28,0
hq_278,0
hq_43,0
hq_27,0
hq_234,7
hq_64,0
hq_242,0
hq_263,1
hq_255,0
hq_3,0
hq_265,1
hq_312,1
hq_39,9
hq_322,1
hq_4,0
hq_70,7
hq_253,4
hq_47,7
hq_96,0
hq_56,0
hq_298,1
hq_54,0
hq_53,0
hq_266,0
hq_250,0
hq_293,1
hq_45,7
hq_58,7
hq_37,0
hq_35,0
hq_59,0
hq_281,3
hq_316,3
hq_314,3
hq_268,0
hq_25,0
hq_247,0
hq_294,1
hq_32,0
hq_86,0
hq_73,0
hq_279,3
hq_300,1
hq_66,0
hq_40,0
hq_254,4
hq_272,3
hq_280,1
hq_235,1
hq_33,0
hq_274,3
hq_299,3
hq_5,0
hq_8,7
hq_44,7
hq_29,0
hq_71,7
hq_26,0
hq_328,1
hq_94,0
hq_307,1
hq_285,3
hq_295,1
hq_305,1
hq_95,0
hq_97,7
hq_89,0
hq_85,0
hq_61,0
hq_72,1
hq_68,0
hq_30,0
hq_67,7
hq_297,3
hq_41,0
hq_237,0
hq_261,3
hq_55,0
hq_98,0
hq_257,0
hq_310,3
hq_91,0
hq_63,0
hq_243,0
hq_248,0
hq_80,7
hq_260,0
hq_271,0
hq_50,0
hq_301,0
hq_236,0
hq_258,0
hq_319,1
hq_275,0
hq_256,3
hq_69,0
hq_323,3
hq_289,3
hq_79,2
hq_76,0
hq_303,1
hq_315,1
hq_276,0
hq_51,7
hq_290,1
hq_267,3
hq_292,1
hq_273,0
hq_65,0
hq_252,0
hq_75,0
hq_264,3
hq_317,3
hq_313,1
hq_6,0
hq_270,3
hq_246,7
hq_326,3
hq_82,0
hq_88,0
hq_240,9
hq_259,0
hq_327,3
hq_7,0
hq_38,0
hq_245,0
hq_57,7
hq_296,0
hq_74,0
hq_325,1
hq_288,3
hq_36,0
hq_46,0
hq_309,3
hq_31,4
hq_93,1
hq_92,0
hq_311,1
hq_84,0
hq_320,3
hq_321,0
hq_24,0
hq_49,0
hq_52,0
hq_308,3
hq_34,0
hq_249,0
hq_81,7
hq_286,1
hq_262,0
hq_306,2
hq_282,1
hq_78,0
hq_87,0
hq_302,3
hq_244,0
hq_287,1
hq_62,0
hq_324,1
hq_9,0
hq_42,0
hq_284,3
hq_318,3
hq_277,0
hq_269,0
z_47,8
z_259,8
z_24,0
z_330,8
z_260,8
z_65,8
z_96,8
z_66,8
z_312,8
z_351,8
z_246,8
z_332,8
z_36,8
z_323,8
z_276,8
z_93,8
z_247,8
z_335,8
z_71,8
z_291,6
z_5,8
z_44,8
z_99,8
z_318,6
z_311,8
z_50,6
z_68,8
z_26,0
z_329,8
z_89,6
z_328,8
z_48,9
z_55,6
z_41,0
z_38,8
z_263,8
z_292,6
z_63,8
z_299,8
z_76,8
z_25,6
z_340,8
z_57,8
z_53,0
z_49,6
z_338,8
z_95,8
z_339,8
z_82,6
z_357,8
z_92,8
z_265,8
z_283,8
z_310,6
z_83,8
z_79,6
z_353,6
z_360,6
z_54,6
z_262,8
z_75,8
z_27,0
z_334,6
z_288,8
z_325,8
z_84,8
z_257,8
z_275,8
z_326,8
z_268,8
z_305,6
z_245,6
z_91,8
z_277,8
z_3,8
z_240,8
z_298,6
z_264,8
z_32,6
z_35,8
z_314,6
z_56,8
z_9,6
z_87,8
z_297,6
z_348,8
z_81,8
z_345,8
z_94,8
z_37,6
z_279,8
z_97,8
z_73,8
z_8,6
z_258,8
z_290,6
z_85,8
z_4,8
z_295,6
z_313,6
z_301,6
z_6,0
z_45,8
z_319,9
z_308,8
z_237,8
z_251,6
z_302,8
z_272,8
z_42,8
z_289,8
z_300,8
z_346,8
z_70,8
z_350,6
z_86,8
z_347,8
z_40,8
z_337,6
z_322,8
z_90,8
z_67,8
z_61,8
z_46,9
z_315,6
z_250,8
z_359,8
z_236,8
z_51,8
z_43,6
z_324,6
z_252,8
z_355,8
z_62,0
z_274,8
z_267,8
z_77,6
z_243,8
z_282,8
z_80,8
z_98,8
z_273,8
z_60,0
z_317,8
z_255,6
z_256,8
z_331,8
z_271,8
z_269,8
z_358,6
z_253,8
z_349,6
z_342,8
z_238,8
z_78,8
z_58,8
z_321,8
z_304,8
z_278,8
z_344,8
z_293,6
z_244,8
z_234,8
z_333,6
z_341,6
z_248,8
z_72,8
z_30,8
z_343,8
z_294,6
z_7,0
z_39,8
z_74,6
z_320,6
z_281,8
z_303,6
z_306,8
z_34,8
z_64,8
z_309,8
z_52,8
z_254,8
z_235,8
z_29,6
z_59,9
z_287,8
z_296,6
z_266,8
z_270,6
z_354,8
z_352,8
z_284,8
z_28,8
z_88,6
z_241,8
z_242,8
z_33,8
z_280,8
z_356,8
z_239,8
z_261,8
z_327,8
z_307,6
z_286,8
z_31,8
z_316,6
z_69,8
z_336,8
z_285,8
z_249,8
qz_52,1
qz_317,3
qz_87,1
qz_300,5
qz_84,1
qz_319,4
qz_307,3
qz_304,3
qz_63,1
qz_279,4
qz_79,1
qz_280,4
qz_8,1
qz_282,4
qz_29,3
qz_27,1
qz_341,3
qz_235,5
qz_320,4
qz_71,0
qz_62,1
qz_335,4
qz_255,5
qz_82,1
qz_32,1
qz_302,4
qz_283,4
qz_36,1
qz_306,3
qz_30,4
qz_292,3
qz_321,2
qz_68,1
qz_318,4
qz_74,3
qz_34,1
qz_77,1
qz_67,3
qz_37,1
qz_253,1
qz_260,3
qz_45,1
qz_330,3
qz_336,4
qz_64,3
qz_342,0
qz_98,4
qz_322,3
qz_285,5
qz_59,1
qz_325,4
qz_248,3
qz_92,1
qz_276,0
qz_31,1
qz_46,3
qz_245,3
qz_275,4
qz_91,0
qz_272,4
qz_294,4
qz_33,3
qz_263,2
qz_90,1
qz_273,4
qz_277,3
qz_53,1
qz_299,4
qz_88,1
qz_326,2
qz_333,5
qz_236,3
qz_289,9
qz_312,4
qz_315,5
qz_242,3
qz_76,1
qz_44,1
qz_94,3
qz_54,3
qz_26,5
qz_298,4
qz_251,3
qz_301,3
qz_49,1
qz_249,4
qz_78,1
qz_295,4
qz_339,2
qz_5,3
qz_65,0
qz_238,4
qz_234,4
qz_47,1
qz_38,3
qz_297,5
qz_286,4
qz_340,5
qz_329,2
qz_296,3
qz_281,4
qz_85,1
qz_4,4
qz_57,3
qz_259,0
qz_250,4
qz_288,3
qz_268,2
qz_256,3
qz_274,5
qz_287,4
qz_309,2
qz_258,3
qz_97,3
qz_244,4
qz_324,2
qz_50,4
qz_237,5
qz_293,5
qz_28,4
qz_305,2
qz_269,5
qz_308,4
qz_331,4
qz_267,4
qz_243,4
qz_83,3
qz_246,2
qz_264,3
qz_72,3
qz_252,3
qz_327,4
qz_70,1
qz_257,5
qz_41,1
qz_316,2
qz_265,5
qz_241,3
qz_311,4
qz_247,3
qz_9,3
qz_7,4
qz_3,3
qz_254,3
qz_334,2
qz_328,2
qz_69,1
qz_290,4
qz_89,1
qz_40,1
qz_42,3
qz_39,4
qz_310,2
qz_75,1
qz_24,5
qz_51,2
qz_93,1
qz_48,3
qz_6,3
qz_284,4
qz_43,1
qz_96,3
qz_291,3
qz_262,5
qz_270,4
qz_55,1
qz_261,5
qz_278,3
qz_73,1
qz_86,5
qz_338,0
qz_56,1
qz_239,3
qz_303,4
qz_323,4
qz_313,4
qz_332,4
qz_240,4
qz_343,6
qz_25,3
qz_314,4
qz_99,3
qz_35,3
qz_61,4
qz_81,1
qz_95,5
qz_60,1
qz_271,4
qz_266,4
qz_337,2
qz_58,5
qz_66,2
qz_80,1
yz_7,6
yz_82,3
yz_237,3
yz_91,9
yz_24,6
yz_9,6
yz_83,0
yz_48,0
yz_46,6
yz_96,3
yz_29,9
yz_60,9
yz_70,3
yz_38,7
yz_74,3
yz_39,9
yz_3,6
yz_238,1
yz_42,9
yz_43,9
yz_55,1
yz_28,6
yz_243,1
yz_40,9
yz_31,6
yz_49,0
yz_75,1
yz_33,6
yz_79,1
yz_58,0
yz_242,0
yz_92,7
yz_53,0
yz_98,0
yz_234,0
yz_71,0
yz_246,1
yz_34,6
yz_84,3
yz_36,6
yz_30,8
yz_99,2
yz_56,6
yz_65,3
yz_35,6
yz_50,1
yz_27,6
yz_247,3
yz_4,6
yz_90,2
yz_41,7
yz_93,9
yz_6,6
yz_245,1
yz_64,9
yz_87,0
yz_73,3
yz_89,8
yz_8,6
yz_69,0
yz_47,0
yz_5,6
yz_68,9
yz_248,0
yz_78,8
yz_86,3
yz_94,3
yz_26,8
yz_236,1
yz_32,9
yz_57,9
yz_244,1
yz_81,1
yz_72,1
yz_66,1
yz_67,6
yz_80,2
yz_52,1
yz_235,1
yz_76,9
yz_97,9
yz_88,3
yz_239,6
yz_249,3
yz_241,0
yz_62,3
yz_63,9
yz_44,7
yz_51,0
yz_37,9
yz_45,6
yz_240,0
yz_77,3
yz_250,8
yz_61,1
yz_95,1
yz_54,0
yz_25,6
yz_59,9
yz_85,3
qy_4,3
qy_282,2
qy_258,4
qy_73,8
qy_36,2
qy_3,3
qy_286,5
qy_314,4
qy_326,7
qy_234,3
qy_257,3
qy_70,8
qy_96,6
qy_92,8
qy_35,2
qy_31,5
qy_272,3
qy_75,8
qy_253,4
qy_327,3
qy_88,2
qy_259,3
qy_292,4
qy_347,4
qy_78,0
qy_256,3
qy_262,4
qy_273,1
qy_293,3
qy_64,6
qy_352,4
qy_94,8
qy_264,3
qy_342,4
qy_65,2
qy_343,4
qy_242,3
qy_283,4
qy_296,4
qy_284,4
qy_298,7
qy_93,0
qy_5,3
qy_249,3
qy_341,2
qy_291,4
qy_89,8
qy_25,2
qy_38,4
qy_53,1
qy_265,4
qy_41,5
qy_7,3
qy_32,4
qy_318,4
qy_72,8
qy_29,4
qy_288,4
qy_43,5
qy_349,3
qy_85,6
qy_44,4
qy_8,3
qy_235,3
qy_357,4
qy_329,4
qy_340,4
qy_358,0
qy_76,8
qy_57,2
qy_59,2
qy_79,8
qy_58,4
qy_299,4
qy_56,3
qy_248,3
qy_69,2
qy_50,3
qy_323,3
qy_330,3
qy_6,3
qy_45,4
qy_91,4
qy_271,3
qy_33,4
qy_48,4
qy_268,5
qy_322,7
qy_328,4
qy_40,2
qy_304,4
qy_320,3
qy_80,8
qy_99,3
qy_74,6
qy_312,4
qy_356,5
qy_9,4
qy_63,8
qy_337,3
qy_243,3
qy_333,4
qy_309,4
qy_311,4
qy_54,3
qy_90,2
qy_30,2
qy_238,3
qy_263,3
qy_28,4
qy_303,1
qy_350,4
qy_365,4
qy_62,6
qy_239,3
qy_269,3
qy_34,4
qy_348,4
qy_236,1
qy_280,4
qy_369,4
qy_84,8
qy_26,4
qy_52,3
qy_266,3
qy_355,4
qy_308,4
qy_87,2
qy_290,4
qy_237,3
qy_359,4
qy_364,3
qy_300,4
qy_360,3
qy_324,3
qy_362,3
qy_301,4
qy_86,4
qy_331,4
qy_368,2
qy_313,4
qy_66,8
qy_247,3
qy_321,4
qy_289,4
qy_351,4
qy_336,4
qy_46,6
qy_49,3
qy_310,3
qy_354,4
qy_61,6
qy_97,8
qy_335,4
qy_285,4
qy_95,8
qy_241,1
qy_319,3
qy_252,4
qy_245,3
qy_302,4
qy_305,3
qy_332,3
qy_240,3
qy_37,3
qy_294,4
qy_339,4
qy_334,4
qy_353,4
qy_77,7
qy_71,8
qy_279,4
qy_250,3
qy_346,4
qy_98,3
qy_275,2
qy_278,4
qy_67,6
qy_60,6
qy_47,4
qy_367,3
qy_24,4
qy_42,4
qy_344,7
qy_277,4
qy_254,4
qy_361,3
qy_274,4
qy_51,2
qy_82,9
qy_27,5
qy_306,0
qy_276,4
qy_260,1
qy_345,3
qy_270,4
qy_317,4
qy_366,4
qy_297,4
qy_287,2
qy_315,3
qy_267,3
qy_281,4
qy_81,2
qy_244,3
qy_338,4
qy_251,4
qy_316,3
qy_307,2
qy_55,1
qy_68,9
qy_363,3
qy_83,8
qy_325,4
qy_295,4
qy_261,4
qy_39,3
qy_246,3
qy_255,3
y_276,6
y_45,8
y_34,8
y_243,7
y_259,9
y_83,8
y_293,6
y_346,6
y_239,9
y_263,8
y_265,6
y_264,6
y_301,8
y_284,6
y_304,8
y_260,7
y_282,8
y_327,8
y_31,7
y_261,6
y_56,8
y_36,3
y_274,8
y_9,8
y_287,8
y_312,8
y_305,8
y_323,8
y_285,8
y_60,8
y_342,8
y_73,2
y_310,8
y_241,7
y_311,8
y_76,8
y_292,6
y_53,3
y_33,8
y_339,7
y_28,9
y_328,8
y_296,8
y_279,8
y_334,8
y_331,8
y_288,8
y_281,6
y_291,8
y_340,8
y_64,8
y_246,7
y_253,6
y_317,8
y_68,8
y_295,6
y_242,7
y_25,9
y_43,3
y_252,8
y_32,0
y_330,8
y_55,0
y_89,8
y_271,7
y_290,8
y_319,8
y_44,1
y_72,6
y_38,4
y_48,9
y_320,8
y_247,7
y_251,6
y_308,8
y_62,8
y_248,7
y_30,9
y_93,8
y_57,4
y_87,8
y_238,8
y_237,8
y_316,8
y_306,8
y_6,9
y_262,7
y_79,8
y_270,8
y_3,3
y_47,0
y_234,8
y_280,6
y_29,3
y_314,8
y_302,8
y_7,4
y_294,8
y_286,6
y_82,8
y_51,4
y_289,6
y_344,8
y_96,8
y_277,6
y_343,8
y_71,4
y_54,2
y_326,6
y_318,8
y_347,8
y_90,8
y_40,7
y_335,8
y_94,8
y_59,8
y_5,3
y_349,6
y_75,8
y_338,8
y_97,8
y_37,4
y_92,8
y_65,8
y_297,8
y_42,4
y_332,8
y_256,8
y_329,0
y_245,7
y_325,8
y_336,8
y_273,6
y_61,6
y_98,8
y_91,9
y_39,9
y_41,4
y_267,8
y_275,6
y_322,8
y_66,9
y_309,8
y_315,6
y_283,7
y_303,8
y_298,8
y_67,8
y_235,9
y_236,6
y_307,8
y_268,8
y_50,0
y_341,8
y_74,8
y_313,6
y_269,6
y_337,8
y_99,9
y_70,8
y_26,3
y_299,4
y_49,4
y_35,4
y_255,6
y_324,7
y_8,4
y_52,3
y_240,6
y_69,6
y_321,8
y_249,7
y_88,8
y_4,4
y_254,8
y_345,8
y_250,8
y_257,6
y_58,6
y_81,8
y_300,8
y_77,8
y_24,2
y_266,8
y_272,6
y_95,8
y_78,8
y_278,8
y_86,6
y_27,7
y_348,4
y_333,6
y_84,6
y_63,8
y_258,7
y_85,9
y_244,7
y_46,8
y_80,8
